<?xml version="1.0" encoding="UTF-8"?>
<project-private xmlns="http://www.netbeans.org/ns/project-private/1">
    <editor-bookmarks xmlns="http://www.netbeans.org/ns/editor-bookmarks/2" lastBookmarkId="0"/>
    <open-files xmlns="http://www.netbeans.org/ns/projectui-open-files/2">
        <group name="Group 20240510-06:42:15">
            <file>file:/C:/Users/Roselyn/Desktop/Java/Project/src/project/SignUp.java</file>
            <file>file:/C:/Users/Roselyn/Desktop/Java/Project/src/project/Login.java</file>
            <file>file:/C:/Users/Roselyn/Desktop/Java/Project/src/project/Home.java</file>
        </group>
        <group>
            <file>file:/C:/Users/Roselyn/Desktop/Java/Project/src/application/HomePage.java</file>
            <file>file:/C:/Users/Roselyn/Desktop/Java/Project/src/error/HomePage.java</file>
            <file>file:/C:/Users/Roselyn/Desktop/Java/Project/src/application/postgre/AccountCrude.java</file>
            <file>file:/C:/Users/Roselyn/Desktop/Java/Project/src/application/AddNote.java</file>
            <file>file:/C:/Users/Roselyn/Desktop/Java/Project/src/application/AddNote1.java</file>
        </group>
    </open-files>
</project-private>
